,col_names,col_dtypes,col_na_count,col_unique,count,mean,std,min,25%,50%,75%,max
Season,Season,int64,0,19,5149.0,2010.300252476209,5.46475977444035,2001.0,2006.0,2010.0,2015.0,2019.0
ConfAbbrev,ConfAbbrev,object,0,36,,,,,,,,
DayNum,DayNum,int64,0,14,5149.0,126.85181588657991,3.2214297839086528,119.0,124.0,128.0,129.0,132.0
WTeamID,WTeamID,int64,0,345,5149.0,1288.9644591182755,104.91975741730974,1101.0,1201.0,1288.0,1381.0,1464.0
LTeamID,LTeamID,int64,0,349,5149.0,1285.1157506311906,104.6421261045318,1102.0,1196.0,1282.0,1377.0,1466.0
