,col_names,col_dtypes,col_na_count,col_unique,count,mean,std,min,25%,50%,75%,max
Season,Season,int64,0,10,54838.0,2014.5349392756848,2.871396486178275,2010.0,2012.0,2015.0,2017.0,2019.0
DayNum,DayNum,int64,0,153,54838.0,71.7591815894088,37.27964655405887,1.0,39.0,75.0,103.0,154.0
WTeamID,WTeamID,int64,0,355,54838.0,1287.9229913563588,104.13687981951034,1101.0,1200.0,1287.0,1379.0,1466.0
LTeamID,LTeamID,int64,0,355,54838.0,1281.5837557897808,103.82634717288347,1101.0,1191.0,1280.0,1371.0,1466.0
CRType,CRType,object,0,3,,,,,,,,
CityID,CityID,int64,0,395,54838.0,4185.287939020387,108.93932632136874,4001.0,4087.0,4188.0,4274.0,4449.0
