,col_names,col_dtypes,col_na_count,col_unique,count,mean,std,min,25%,50%,75%,max
Season,Season,int64,0,17,3820919.0,2012.4855444462444,4.638314357610827,2003.0,2009.0,2013.0,2016.0,2019.0
RankingDayNum,RankingDayNum,int64,0,90,3820919.0,86.61368822526727,32.498804722891116,0.0,64.0,91.0,114.0,133.0
SystemName,SystemName,object,0,174,,,,,,,,
TeamID,TeamID,int64,0,357,3820919.0,1284.3545395754268,104.35838002553524,1101.0,1194.0,1283.0,1375.0,1466.0
OrdinalRank,OrdinalRank,int64,0,353,3820919.0,171.56712743714274,100.34840846492358,1.0,84.0,171.0,258.0,353.0
