,col_names,col_dtypes,col_na_count,col_unique,count,mean,std,min,25%,50%,75%,max
Season,Season,int64,0,35,2286.0,2002.2200349956256,10.13904044241212,1985.0,1993.0,2002.0,2011.0,2019.0
Seed,Seed,object,0,90,,,,,,,,
TeamID,TeamID,int64,0,300,2286.0,1291.6819772528434,103.25014090190777,1101.0,1209.0,1287.0,1387.0,1463.0
