,col_names,col_dtypes,col_na_count,col_unique,count,mean,std,min,25%,50%,75%,max
Season,Season,int64,0,35,2251.0,2002.2234562416704,10.139616506235589,1985.0,1993.0,2002.0,2011.0,2019.0
DayNum,DayNum,int64,0,12,2251.0,139.13904931141715,4.211068883339959,134.0,136.0,137.0,139.0,154.0
WTeamID,WTeamID,int64,0,202,2251.0,1286.9897823189694,100.70145704560662,1104.0,1210.0,1276.0,1385.0,1463.0
WScore,WScore,int64,0,78,2251.0,76.93602843180808,11.85082815848149,43.0,69.0,76.0,84.0,149.0
LTeamID,LTeamID,int64,0,300,2251.0,1292.1283873833852,103.28281753632974,1101.0,1209.5,1290.0,1387.0,1463.0
LScore,LScore,int64,0,73,2251.0,65.23411816970236,11.096738654509032,29.0,58.0,65.0,72.0,115.0
WLoc,WLoc,object,0,1,,,,,,,,
NumOT,NumOT,int64,0,4,2251.0,0.06841403820524211,0.2824214644946127,0.0,0.0,0.0,0.0,3.0
