,col_names,col_dtypes,col_na_count,col_unique,count,mean,std,min,25%,50%,75%,max
Season,Season,int64,0,35,161552.0,2003.2287313063287,10.058660120396707,1985.0,1995.0,2004.0,2012.0,2019.0
DayNum,DayNum,int64,0,133,161552.0,74.66535852233336,33.67035207126773,0.0,47.0,77.0,103.0,132.0
WTeamID,WTeamID,int64,0,366,161552.0,1286.9190044072498,104.52162991355577,1101.0,1198.0,1284.0,1380.0,1466.0
WScore,WScore,int64,0,130,161552.0,76.79512478954145,12.066260232525893,34.0,69.0,76.0,84.0,186.0
LTeamID,LTeamID,int64,0,366,161552.0,1282.6374975240171,104.74296075827642,1101.0,1191.0,1280.0,1375.0,1466.0
LScore,LScore,int64,0,118,161552.0,64.69252624541943,11.349609548719679,20.0,57.0,64.0,72.0,150.0
WLoc,WLoc,object,0,3,,,,,,,,
NumOT,NumOT,int64,0,7,161552.0,0.04513716945627414,0.24975131406506534,0.0,0.0,0.0,0.0,6.0
