,col_names,col_dtypes,col_na_count,col_unique,count,mean,std,min,25%,50%,75%,max
Season,Season,int64,0,35,1624.0,2005.4870689655172,10.120156994935456,1985.0,1997.0,2008.0,2014.0,2019.0
DayNum,DayNum,int64,0,20,1624.0,138.67056650246306,4.649830099044473,133.0,135.0,137.0,141.0,152.0
WTeamID,WTeamID,int64,0,266,1624.0,1298.1804187192117,101.51032028643753,1102.0,1208.0,1307.0,1387.0,1464.0
WScore,WScore,int64,0,68,1624.0,76.52770935960591,10.749106285589031,42.0,69.0,76.0,83.0,120.0
LTeamID,LTeamID,int64,0,331,1624.0,1287.286330049261,104.29638042680955,1101.0,1199.75,1285.0,1379.0,1465.0
LScore,LScore,int64,0,67,1624.0,66.89100985221675,10.655407703870411,34.0,60.0,66.0,73.0,112.0
WLoc,WLoc,object,0,3,,,,,,,,
NumOT,NumOT,int64,0,4,1624.0,0.0603448275862069,0.27201152400354156,0.0,0.0,0.0,0.0,3.0
SecondaryTourney,SecondaryTourney,object,0,5,,,,,,,,
