,col_names,col_dtypes,col_na_count,col_unique,count,mean,std,min,25%,50%,75%,max
Season,Season,int64,0,36,11594.0,2003.2594445402794,10.337885188229244,1985.0,1994.0,2004.0,2012.0,2020.0
TeamID,TeamID,int64,0,367,11594.0,1284.5608935656373,104.8684155802613,1101.0,1193.0,1283.0,1377.0,1467.0
ConfAbbrev,ConfAbbrev,object,0,51,,,,,,,,
