,col_names,col_dtypes,col_na_count,col_unique,count,mean,std,min,25%,50%,75%,max
Season,Season,int64,0,35,11348.0,2002.732111385266,10.057574711542717,1985.0,1994.0,2003.0,2011.0,2019.0
TeamID,TeamID,int64,0,366,11348.0,1284.5853894959464,104.92899740782099,1101.0,1193.0,1283.0,1377.0,1466.0
FirstDayNum,FirstDayNum,int64,0,64,11348.0,0.6666372929150511,7.288572062292782,0.0,0.0,0.0,0.0,135.0
LastDayNum,LastDayNum,int64,0,64,11348.0,153.20514628128305,8.53294652945758,20.0,154.0,154.0,154.0,154.0
CoachName,CoachName,object,0,1417,,,,,,,,
